--
-- PostgreSQL database dump
--

-- Dumped from database version 12.9 (Ubuntu 12.9-2.pgdg20.04+1)
-- Dumped by pg_dump version 12.9 (Ubuntu 12.9-2.pgdg20.04+1)

SET statement_timeout = 0;
SET lock_timeout = 0;
SET idle_in_transaction_session_timeout = 0;
SET client_encoding = 'UTF8';
SET standard_conforming_strings = on;
SELECT pg_catalog.set_config('search_path', '', false);
SET check_function_bodies = false;
SET xmloption = content;
SET client_min_messages = warning;
SET row_security = off;

DROP DATABASE salon;
--
-- Name: salon; Type: DATABASE; Schema: -; Owner: freecodecamp
--

CREATE DATABASE salon WITH TEMPLATE = template0 ENCODING = 'UTF8' LC_COLLATE = 'C.UTF-8' LC_CTYPE = 'C.UTF-8';


ALTER DATABASE salon OWNER TO freecodecamp;

\connect salon

SET statement_timeout = 0;
SET lock_timeout = 0;
SET idle_in_transaction_session_timeout = 0;
SET client_encoding = 'UTF8';
SET standard_conforming_strings = on;
SELECT pg_catalog.set_config('search_path', '', false);
SET check_function_bodies = false;
SET xmloption = content;
SET client_min_messages = warning;
SET row_security = off;

SET default_tablespace = '';

SET default_table_access_method = heap;

--
-- Name: appointments; Type: TABLE; Schema: public; Owner: freecodecamp
--

CREATE TABLE public.appointments (
    appointment_id integer NOT NULL,
    customer_id integer,
    service_id integer,
    "time" character varying
);


ALTER TABLE public.appointments OWNER TO freecodecamp;

--
-- Name: appointments_appointment_id_seq; Type: SEQUENCE; Schema: public; Owner: freecodecamp
--

CREATE SEQUENCE public.appointments_appointment_id_seq
    AS integer
    START WITH 1
    INCREMENT BY 1
    NO MINVALUE
    NO MAXVALUE
    CACHE 1;


ALTER TABLE public.appointments_appointment_id_seq OWNER TO freecodecamp;

--
-- Name: appointments_appointment_id_seq; Type: SEQUENCE OWNED BY; Schema: public; Owner: freecodecamp
--

ALTER SEQUENCE public.appointments_appointment_id_seq OWNED BY public.appointments.appointment_id;


--
-- Name: customers; Type: TABLE; Schema: public; Owner: freecodecamp
--

CREATE TABLE public.customers (
    customer_id integer NOT NULL,
    name character varying,
    phone character varying
);


ALTER TABLE public.customers OWNER TO freecodecamp;

--
-- Name: customers_customer_id_seq; Type: SEQUENCE; Schema: public; Owner: freecodecamp
--

CREATE SEQUENCE public.customers_customer_id_seq
    AS integer
    START WITH 1
    INCREMENT BY 1
    NO MINVALUE
    NO MAXVALUE
    CACHE 1;


ALTER TABLE public.customers_customer_id_seq OWNER TO freecodecamp;

--
-- Name: customers_customer_id_seq; Type: SEQUENCE OWNED BY; Schema: public; Owner: freecodecamp
--

ALTER SEQUENCE public.customers_customer_id_seq OWNED BY public.customers.customer_id;


--
-- Name: services; Type: TABLE; Schema: public; Owner: freecodecamp
--

CREATE TABLE public.services (
    service_id integer NOT NULL,
    name character varying
);


ALTER TABLE public.services OWNER TO freecodecamp;

--
-- Name: services_service_id_seq; Type: SEQUENCE; Schema: public; Owner: freecodecamp
--

CREATE SEQUENCE public.services_service_id_seq
    AS integer
    START WITH 1
    INCREMENT BY 1
    NO MINVALUE
    NO MAXVALUE
    CACHE 1;


ALTER TABLE public.services_service_id_seq OWNER TO freecodecamp;

--
-- Name: services_service_id_seq; Type: SEQUENCE OWNED BY; Schema: public; Owner: freecodecamp
--

ALTER SEQUENCE public.services_service_id_seq OWNED BY public.services.service_id;


--
-- Name: appointments appointment_id; Type: DEFAULT; Schema: public; Owner: freecodecamp
--

ALTER TABLE ONLY public.appointments ALTER COLUMN appointment_id SET DEFAULT nextval('public.appointments_appointment_id_seq'::regclass);


--
-- Name: customers customer_id; Type: DEFAULT; Schema: public; Owner: freecodecamp
--

ALTER TABLE ONLY public.customers ALTER COLUMN customer_id SET DEFAULT nextval('public.customers_customer_id_seq'::regclass);


--
-- Name: services service_id; Type: DEFAULT; Schema: public; Owner: freecodecamp
--

ALTER TABLE ONLY public.services ALTER COLUMN service_id SET DEFAULT nextval('public.services_service_id_seq'::regclass);


--
-- Data for Name: appointments; Type: TABLE DATA; Schema: public; Owner: freecodecamp
--

INSERT INTO public.appointments VALUES (4, 2, 2, '4:30');
INSERT INTO public.appointments VALUES (5, 3, 1, '4:30');
INSERT INTO public.appointments VALUES (6, 4, 4, 'n');
INSERT INTO public.appointments VALUES (13, 10, 4, '4am');
INSERT INTO public.appointments VALUES (14, 18, 2, '10:30');
INSERT INTO public.appointments VALUES (15, 19, 3, '1');
INSERT INTO public.appointments VALUES (16, 20, 2, '4');
INSERT INTO public.appointments VALUES (17, 21, 2, '4');
INSERT INTO public.appointments VALUES (18, 22, 4, '4');
INSERT INTO public.appointments VALUES (19, 23, 4, '5am');
INSERT INTO public.appointments VALUES (20, 24, 4, '4');
INSERT INTO public.appointments VALUES (21, 25, 4, '4');
INSERT INTO public.appointments VALUES (22, 26, 4, '4');
INSERT INTO public.appointments VALUES (23, 27, 1, '1');


--
-- Data for Name: customers; Type: TABLE DATA; Schema: public; Owner: freecodecamp
--

INSERT INTO public.customers VALUES (2, 'Ment', '444-4444');
INSERT INTO public.customers VALUES (3, 'Nemt', '443-3232');
INSERT INTO public.customers VALUES (4, 'Noon', '5-4213-12');
INSERT INTO public.customers VALUES (10, 'Cant', '44-444');
INSERT INTO public.customers VALUES (11, 'Noun', '44-4-44');
INSERT INTO public.customers VALUES (12, 'Four', '4-44-4-44');
INSERT INTO public.customers VALUES (13, 'Five', '55-55-55');
INSERT INTO public.customers VALUES (14, 'Two', '22-22-22');
INSERT INTO public.customers VALUES (15, 'Three', '33-33-33');
INSERT INTO public.customers VALUES (16, 'ForFive', '45-45-45');
INSERT INTO public.customers VALUES (17, 'FivFor', '54-54-54');
INSERT INTO public.customers VALUES (18, 'Foor', '44-44-44');
INSERT INTO public.customers VALUES (19, 'Threw', '33-33-333');
INSERT INTO public.customers VALUES (20, 'Twoo', '22-22-222');
INSERT INTO public.customers VALUES (21, 'Toww', '22-222');
INSERT INTO public.customers VALUES (22, 'Four1', '4141-41');
INSERT INTO public.customers VALUES (23, 'One4', '14-1414');
INSERT INTO public.customers VALUES (24, '14', '141414');
INSERT INTO public.customers VALUES (25, '41', '414141');
INSERT INTO public.customers VALUES (26, '141', '141414141');
INSERT INTO public.customers VALUES (27, 'One', '11-1-11');


--
-- Data for Name: services; Type: TABLE DATA; Schema: public; Owner: freecodecamp
--

INSERT INTO public.services VALUES (1, 'cut');
INSERT INTO public.services VALUES (2, 'color');
INSERT INTO public.services VALUES (3, 'perm');
INSERT INTO public.services VALUES (4, 'style');
INSERT INTO public.services VALUES (5, 'trim');
INSERT INTO public.services VALUES (6, 'manicure');
INSERT INTO public.services VALUES (7, 'pedicure');
INSERT INTO public.services VALUES (8, 'facial');
INSERT INTO public.services VALUES (9, 'massage');
INSERT INTO public.services VALUES (10, 'waxing');


--
-- Name: appointments_appointment_id_seq; Type: SEQUENCE SET; Schema: public; Owner: freecodecamp
--

SELECT pg_catalog.setval('public.appointments_appointment_id_seq', 41, true);


--
-- Name: customers_customer_id_seq; Type: SEQUENCE SET; Schema: public; Owner: freecodecamp
--

SELECT pg_catalog.setval('public.customers_customer_id_seq', 52, true);


--
-- Name: services_service_id_seq; Type: SEQUENCE SET; Schema: public; Owner: freecodecamp
--

SELECT pg_catalog.setval('public.services_service_id_seq', 10, true);


--
-- Name: appointments appointments_pkey; Type: CONSTRAINT; Schema: public; Owner: freecodecamp
--

ALTER TABLE ONLY public.appointments
    ADD CONSTRAINT appointments_pkey PRIMARY KEY (appointment_id);


--
-- Name: customers customers_phone_key; Type: CONSTRAINT; Schema: public; Owner: freecodecamp
--

ALTER TABLE ONLY public.customers
    ADD CONSTRAINT customers_phone_key UNIQUE (phone);


--
-- Name: customers customers_pkey; Type: CONSTRAINT; Schema: public; Owner: freecodecamp
--

ALTER TABLE ONLY public.customers
    ADD CONSTRAINT customers_pkey PRIMARY KEY (customer_id);


--
-- Name: services services_pkey; Type: CONSTRAINT; Schema: public; Owner: freecodecamp
--

ALTER TABLE ONLY public.services
    ADD CONSTRAINT services_pkey PRIMARY KEY (service_id);


--
-- Name: appointments appointments_customer_id_fkey; Type: FK CONSTRAINT; Schema: public; Owner: freecodecamp
--

ALTER TABLE ONLY public.appointments
    ADD CONSTRAINT appointments_customer_id_fkey FOREIGN KEY (customer_id) REFERENCES public.customers(customer_id);


--
-- Name: appointments appointments_service_id_fkey; Type: FK CONSTRAINT; Schema: public; Owner: freecodecamp
--

ALTER TABLE ONLY public.appointments
    ADD CONSTRAINT appointments_service_id_fkey FOREIGN KEY (service_id) REFERENCES public.services(service_id);


--
-- PostgreSQL database dump complete
--

